{
  "south": {
    "powers": {
      "2": {
        "x": 169.35567,
        "y": 37.71217
      },
      "1": {
        "x": 185.02084,
        "y": 37.60539
      }
    },
    "token": {
      "x": 177.34,
      "y": 37.702557
    }
  },
  "southwest": {
    "powers": {
      "2": {
        "x": 114.183,
        "y": 98.97056
      },
      "1": {
        "x": 120.78301,
        "y": 98.97056
      }
    }
  },
  "centersouth": {
    "powers": {
      "1": {
        "x": 182.99454,
        "y": 117.625984
      },
      "2": {
        "x": 170.42061,
        "y": 117.62589
      }
    },
    "token": {
      "x": 176.67712,
      "y": 116.7765
    }
  },
  "center": {
    "powers": {
      "4": {
        "x": 172.74492,
        "y": 169.98474
      },
      "2": {
        "x": 180.30853,
        "y": 185.29858
      },
      "1": {
        "x": 184.6759,
        "y": 181.14935
      },
      "3": {
        "x": 168.40605,
        "y": 174.49603
      }
    },
    "token": {
      "x": 176.4,
      "y": 177.8
    }
  },
  "centernorth": {
    "powers": {
      "2": {
        "x": 169.4,
        "y": 237.1595
      },
      "1": {
        "x": 183.4,
        "y": 237.1595
      }
    },
    "token": {
      "x": 176.4,
      "y": 238.6631
    }
  },
  "northeast": {
    "powers": {
      "2": {
        "x": 233.54659,
        "y": 254.29355
      },
      "1": {
        "x": 239.8502,
        "y": 254.33868
      }
    }
  },
  "west": {
    "powers": {
      "2": {
        "x": 69.05,
        "y": 181.31488
      },
      "1": {
        "x": 75.434,
        "y": 181.315
      }
    },
    "token": {
      "x": 72.055,
      "y": 176.0
    }
  },
  "east": {
    "powers": {
      "1": {
        "x": 296.37576,
        "y": 176.02464
      },
      "2": {
        "x": 289.29202,
        "y": 176.02464
      }
    },
    "token": {
      "x": 292.79623,
      "y": 181.02464
    }
  },
  "north": {
    "powers": {
      "2": {
        "x": 169.4518,
        "y": 317.31332
      },
      "1": {
        "x": 183.4518,
        "y": 317.31332
      }
    },
    "token": {
      "x": 176.4518,
      "y": 317.31332
    }
  },
  "northwest": {
    "powers": {
      "1": {
        "x": 106.23168,
        "y": 267.45325
      }
    },
    "token": {
      "x": 113.50901,
      "y": 261.2001
    }
  },
  "southeast": {
    "powers": {
      "1": {
        "x": 245.30684,
        "y": 87.248436
      }
    },
    "token": {
      "x": 238.3221,
      "y": 93.76264
    }
  }
}